ID,Email,Name,Country,State,City,Telephone,AddressLine1,AddressLine2,DOB,FY2019_20,FY2020_21,FY2021_22,FY2022_23,FY2023_24
65861,jon21@example.com,Derrick Medina,Kenya,Oklahoma,West Jeffreyborough,327-392-0491,5219 Cassidy Burgs,Suite 692,1978-05-26,299216,288833,292047,211749,830557
3141,colleen55@example.com,Isaac Williams,Saint Barthelemy,Arizona,South Kenneth,085-648-5625,292 Kevin Throughway,Suite 862,1988-10-11,805357,944372,43869,345755,969686
58823,patrickjohnson@example.com,Debra Lowery,Hong Kong,Indiana,Mitchellton,116-222-5888,110 Randall Wall,Apt. 738,2001-08-02,47589,921607,551160,487352,213101
20046,gonzalezjanet@example.com,Tanya Powell,Slovakia (Slovak Republic),Michigan,Port Deborahfurt,050-033-7333,648 Melissa Crest Suite 303,Suite 360,1975-09-13,293852,868136,125446,931082,341487
74253,campbellmichelle@example.net,Tyler Knight,Ireland,Arizona,New Jacob,153-281-6689,949 Hudson Row Apt. 616,Suite 116,1991-08-13,838999,99596,835049,260265,83267
24004,phall@example.org,Miguel Cole,Tuvalu,Illinois,Lyonstown,599-978-7734,550 Kimberly Brooks Apt. 627,Suite 330,1996-12-16,899186,43162,279016,910949,347626
11797,xdonovan@example.net,Nathan Montes,Cocos (Keeling) Islands,Alaska,Kimberlytown,779-319-9330,6088 Eric Squares Suite 090,Apt. 780,1964-02-19,338815,853725,75206,111484,161568
20388,ramirezjeffrey@example.org,Kim Ross,Congo,New Hampshire,Lake Aaronfurt,777-804-8467,62275 Hoover Drive Apt. 551,Suite 341,1968-04-25,324886,276739,547584,120883,293623
70464,rachel28@example.net,Chelsea Thornton,Madagascar,North Dakota,East Jennifer,555-700-0246,48266 Guerra Garden Apt. 830,Apt. 633,1973-12-22,931538,871855,680731,491364,950975
50383,leblancdavid@example.com,Nicole Jones,Lesotho,Michigan,Cobbborough,834-394-1858,27877 Johnson Locks Apt. 522,Suite 196,1982-07-06,623659,367212,714435,692297,822407
